id,code,unit,name,nameFr
203,PROT,g,PROTEIN,PROTÉINES
204,FAT,g,FAT (TOTAL LIPIDS),LIPIDES TOTAUX
205,CARB,g,"CARBOHYDRATE, TOTAL (BY DIFFERENCE)",GLUCIDES TOTAUX (PAR DIFFÉRENCE)
207,ASH,g,"ASH, TOTAL","CENDRES, TOTALES"
208,KCAL,kCal,ENERGY (KILOCALORIES),ÉNERGIE (KILOCALORIES)
810,STAR,g,STARCH,AMIDON
210,SUCR,g,SUCROSE,SUCROSE
211,GLUC,g,GLUCOSE,GLUCOSE
212,FRUC,g,FRUCTOSE,FRUCTOSE
213,LACT,g,LACTOSE,LACTOSE
214,MALT,g,MALTOSE,MALTOSE
221,ALCO,g,ALCOHOL,ALCOOL
245,OXAL,mg,OXALIC ACID,ACIDE OXALIQUE
255,H2O,g,MOISTURE,EAU
260,MANN,g,MANNITOL,MANNITOL
261,SORB,g,SORBITOL,SORBITOL
262,CAFF,mg,CAFFEINE,CAFÉINE
263,THBR,mg,THEOBROMINE,THÉOBROMINE
268,KJ,kJ,ENERGY (KILOJOULES),ÉNERGIE (KILOJOULES)
269,TSUG,g,"SUGARS, TOTAL",SUCRES TOTAUX
287,GAL,g,GALACTOSE,GALACTOSE
291,TDF,g,"FIBRE, TOTAL DIETARY",FIBRES ALIMENTAIRES TOTALES
301,CA,mg,CALCIUM,CALCIUM
303,FE,mg,IRON,FER
304,MG,mg,MAGNESIUM,MAGNÉSIUM
305,P,mg,PHOSPHORUS,PHOSPHORE
306,K,mg,POTASSIUM,POTASSIUM
307,NA,mg,SODIUM,SODIUM
309,ZN,mg,ZINC,ZINC
312,CU,mg,COPPER,CUIVRE
315,MN,mg,MANGANESE,MANGANÈSE
317,SE,µg,SELENIUM,SÉLÉNIUM
319,RT-µG,µg,RETINOL,RÉTINOL
814,RAE,µg,RETINOL ACTIVITY EQUIVALENTS,ÉQUIVALENTS D'ACTIVITÉ DU RÉTINOL
321,BC-µG,µg,BETA CAROTENE,BÉTA CAROTÈNE
834,AC-µG,µg,ALPHA CAROTENE,ALPHA-CAROTÈNE
323,ATMG,mg,ALPHA-TOCOPHEROL,ALPHA-TOCOPHÉROL
324,D-IU,IU,VITAMIN D (INTERNATIONAL UNITS),VITAMINE D (UNITES INTERNATIONALES)
876,D2-µG,µg,"VITAMIN D2, ERGOCALCIFEROL","VITAMINE D2, (ERGOCALCIFÉROL)"
339,D3+D2-µG,µg,VITAMIN D (D2 + D3),VITAMINE D (D2 + D3)
835,CRYPX,µg,BETA CRYPTOXANTHIN,BÊTA-CRYPTOZANTHINE
836,LYCPN,µg,LYCOPENE,LYCOPÈNE
837,LUT+ZEA,µg,LUTEIN AND ZEAXANTHIN,LUTÉINE ET ZÉAXANTHINE
811,BTMG,mg,BETA-TOCOPHEROL,BÊTA-TOCOPHÉROL
812,GTMG,mg,GAMMA-TOCOPHEROL,GAMMA-TOCOPHÉROL
813,DTMG,mg,DELTA-TOCOPHEROL,DELTA-TOCOPHÉROL
401,VITC,mg,VITAMIN C,VITAMINE C
404,THIA,mg,THIAMIN,THIAMINE
405,RIBO,mg,RIBOFLAVIN,RIBOFLAVINE
406,N-MG,mg,NIACIN (NICOTINIC ACID) PREFORMED,NIACINE (ACIDE NICOTINIQUE) PRÉFORMÉE
409,N-NE,NE,TOTAL NIACIN EQUIVALENT,ÉQUIVALENT EN NIACINE TOTALE
410,PANT,mg,PANTOTHENIC ACID,ACIDE PANTOTHÉNIQUE
415,B6,mg,VITAMIN B-6,VITAMINE B-6
416,BIOT,µg,BIOTIN,BIOTINE
417,FOLA,µg,TOTAL FOLACIN,FOLACINE TOTALE
418,B12,µg,VITAMIN B-12,VITAMINE B-12
862,CHOLN,mg,"CHOLINE, TOTAL","CHOLINE, TOTALE"
430,VITK,µg,VITAMIN K,VITAMINE K
431,FOAC,µg,FOLIC ACID,ACIDE FOLIQUE
806,FOLN,µg,NATURALLY OCCURRING FOLATE,FOLATES PRÉSENTS NATURELLEMENT
815,DFE,µg,DIETARY FOLATE EQUIVALENTS,ÉQUIVALENTS DE FOLATE ALIMENTAIRE (ÉFA)
863,BETN,mg,BETAINE,BÉTAÏNE
501,TRP,g,TRYPTOPHAN,TRYPTOPHANE
502,THR,g,THREONINE,THRÉONINE
503,ISO,g,ISOLEUCINE,ISOLEUCINE
504,LEU,g,LEUCINE,LEUCINE
505,LYS,g,LYSINE,LYSINE
506,MET,g,METHIONINE,MÉTHIONINE
507,CYS,g,CYSTINE,CYSTINE
508,PHE,g,PHENYLALANINE,PHÉNYLALANINE
509,TYR,g,TYROSINE,TYROSINE
510,VAL,g,VALINE,VALINE
511,ARG,g,ARGININE,ARGININE
512,HIS,g,HISTIDINE,HISTIDINE
513,ALA,g,ALANINE,ALANINE
514,ASP,g,ASPARTIC ACID,ACIDE ASPARTIQUE
515,GLU,g,GLUTAMIC ACID,ACIDE GLUTAMIQUE
516,GLY,g,GLYCINE,GLYCINE
517,PRO,g,PROLINE,PROLINE
518,SER,g,SERINE,SERINE
828,HYP,g,HYDROXYPROLINE,HYDROXYPROLINE
550,ASPA,mg,ASPARTAME,ASPARTAME
875,ATMG-A,mg,"ALPHA-TOCOPHEROL, ADDED","ALPHA-TOCOPHÉROL, AJOUTÉ"
874,B12-A,µg,"VITAMIN B12, ADDED","VITAMINE B12, AJOUTÉE"
601,CHOL,mg,CHOLESTEROL,CHOLESTEROL
605,TRFA,g,"FATTY ACIDS, TRANS, TOTAL",ACIDES GRAS TRANS TOTAUX
606,TSAT,g,"FATTY ACIDS, SATURATED, TOTAL",ACIDES GRAS SATURÉS TOTAUX
607,4:0,g,"FATTY ACIDS, SATURATED, 4:0, BUTANOIC","ACIDES GRAS SATURÉS, 4:0, BUTANOÏQUE"
608,6:0,g,"FATTY ACIDS, SATURATED, 6:0, HEXANOIC","ACIDES GRAS SATURÉS, 6:0, HEXANOÏQUE"
609,8:0,g,"FATTY ACIDS, SATURATED, 8:0, OCTANOIC","ACIDES GRAS SATURÉS, 8:0, OCTANOÏQUE"
610,10:0,g,"FATTY ACIDS, SATURATED, 10:0, DECANOIC","ACIDES GRAS SATURÉS, 10:0, DÉCANOÏQUE"
611,12:0,g,"FATTY ACIDS, SATURATED, 12:0, DODECANOIC","ACIDES GRAS SATURÉS, 12:0, DODÉCANOÏQUE"
612,14:0,g,"FATTY ACIDS, SATURATED, 14:0, TETRADECANOIC","ACIDES GRAS SATURÉS, 14:0, TÉTRADÉCANOÏQUE"
613,16:0,g,"FATTY ACIDS, SATURATED, 16:0, HEXADECANOIC","ACIDES GRAS SATURÉS, 16:0, HEXADÉCANOÏQUE"
614,18:0,g,"FATTY ACIDS, SATURATED, 18:0, OCTADECANOIC","ACIDES GRAS SATURÉS, 18:0,  OCTADÉCANOÏQUE"
615,20:0,g,"FATTY ACIDS, SATURATED, 20:0, EICOSANOIC","ACIDES GRAS SATURÉS, 20:0, EÏCOSANOÏQUE"
617,18:1undiff,g,"FATTY ACIDS, MONOUNSATURATED, 18:1undifferentiated, OCTADECENOIC","ACIDES GRAS MONOINSATURÉS, 18:1non différencié, OCTADÉCÉNOÏQUE"
618,18:2undiff,g,"FATTY ACIDS, POLYUNSATURATED, 18:2undifferentiated, LINOLEIC, OCTADECADIENOIC","ACIDES GRAS POLYINSATURÉS, 18:2non différencié,  LINOLÉIQUE, OCTADÉCADIÉNOÏQUE"
619,18:3undiff,g,"FATTY ACIDS, POLYUNSATURATED, 18:3undifferentiated, LINOLENIC, OCTADECATRIENOIC","ACIDES GRAS POLYINSATURÉS, 18:3non différencié, LINOLÉNIQUE, OCTADÉCATRIÉNOÏQUE"
620,20:4undiff,g,"FATTY ACIDS, POLYUNSATURATED, 20:4, EICOSATETRAENOIC","ACIDES GRAS POLYINSATURÉS, 20:4, EÏCOSATÉTRAÉNOÏQUE"
621,22:6n-3DHA,g,"FATTY ACIDS, POLYUNSATURATED, 22:6 n-3, DOCOSAHEXAENOIC (DHA)","ACIDES GRAS POLYINSATURÉS,  22:6 n-3, DOCOSAHEXAÉNOÏQUE"
624,22:0,g,"FATTY ACIDS, SATURATED, 22:0, DOCOSANOIC","ACIDES GRAS SATURÉS, 22:0, DOCOSANOÏQUE"
625,14:1,g,"FATTY ACIDS, MONOUNSATURATED, 14:1, TETRADECENOIC","ACIDES GRAS MONOINSATURÉS, 14:1, TÉTRADÉCÉNOÏQUE"
626,16:1undiff,g,"FATTY ACIDS, MONOUNSATURATED, 16:1undifferentiated, HEXADECENOIC","ACIDES GRAS MONOINSATURÉS, 16:1non différencié, HEXADÉCÉNOÏQUE"
627,18:4,g,"FATTY ACIDS, POLYUNSATURATED, 18:4, OCTADECATETRAENOIC","ACIDES GRAS POLYINSATURÉS, 18:4, OCTADÉCATÉTRAÉNOÏQUE"
628,20:1,g,"FATTY ACIDS, MONOUNSATURATED, 20:1, EICOSENOIC","ACIDES GRAS MONOINSATURÉS, 20:1, EÏCOSÉNOÏQUE"
629,20:5n-3EPA,g,"FATTY ACIDS, POLYUNSATURATED, 20:5 n-3, EICOSAPENTAENOIC (EPA)","ACIDES GRAS POLYINSATURÉS, 20:5 n-3, EÏCOSAPENTAÉNOÏQUE"
630,22:1undiff,g,"FATTY ACIDS, MONOUNSATURATED, 22:1undifferentiated, DOCOSENOIC","ACIDES GRAS MONOINSATURÉS, 22:1non différencié, DOCOSÉNOÏQUE"
631,22:5n-3DPA,g,"FATTY ACIDS, POLYUNSATURATED, 22:5 n-3, DOCOSAPENTAENOIC (DPA)","ACIDES GRAS POLYINSATURÉS, 22:5 n-3, DOCOSAPENTAÉNOÏQUE"
636,TPST,mg,TOTAL PLANT STEROL,STÉROLS VÉGÉTAUX TOTAUX
638,STIG,mg,STIGMASTEROL,STIGMASTÉROL
866,CAMSTR,mg,CAMPESTEROL,CAMPESTÉROL
816,SITSTR,mg,BETA-SITOSTEROL,BÉTA-SITOSTÉROL
645,MUFA,g,"FATTY ACIDS, MONOUNSATURATED, TOTAL",ACIDES GRAS MONOINSATURÉS  TOTAUX
646,PUFA,g,"FATTY ACIDS, POLYUNSATURATED, TOTAL",ACIDES GRAS POLYINSATURÉS TOTAUX
652,15:0,g,"FATTY ACIDS, SATURATED, 15:0, PENTADECANOIC","ACIDES GRAS SATURÉS, 15:0, PENTADÉCANOÏQUE"
653,17:0,g,"FATTY ACIDS, SATURATED, 17:0, HEPTADECANOIC","ACIDES GRAS SATURÉS, 17:0, HEPTADÉCANOÏQUE"
654,24:0,g,"FATTY ACIDS, SATURATED, 24:0, TETRACOSANOIC","ACIDES GRAS SATURÉS, 24:0, TÉTRASANOÏQUE"
817,16:1t,g,"FATTY ACIDS, MONOUNSATURATED, 16:1t, HEXADECENOIC","ACIDES GRAS MONOINSATURÉS, 16:1t, HEXADÉCÉNOÏQUE"
818,18:1t,g,"FATTY ACIDS, MONOUNSATURATED, 18:1t, OCTADECENOIC","ACIDE GRAS MONOINSATURÉS, 18:1t, OCTADÉCÉNOÏQUE"
852,22:1t,g,"FATTY ACIDS, MONOUNSATURATED, 22:1t, DOCOSENOIC","ACIDE GRAS MONOINSATURÉS, 22:1t, DOCOSÉNOÏQUE"
819,18:2i,g,"FATTY ACIDS, POLYUNSATURATED, 18:2i, LINOLEIC, OCTADECADIENOIC","ACIDES GRAS POLYINSATURÉS, 18:2i, LINOLÉIQUE, OCTADÉCADIÉNOÏQUE"
853,"18:2t,t",g,"FATTY ACIDS, POLYUNSATURATED, 18:2t,t , OCTADECADIENENOIC","ACIDES GRAS POLYINSATURÉS, 18:2t,t , OCTADECADIÉNOÏQUE"
838,18:2cla,g,"FATTY ACIDS, POLYUNSATURATED, CONJUGATED, 18:2 cla, LINOLEIC, OCTADECADIENOIC","ACIDES GRAS POLYINSATURÉS CONJUGUÉS, 18:2 cla, LINOLÉIQUE, OCTADÉCADIÉNOÏQUE"
820,24:1c,g,"FATTY ACIDS, MONOUNSATURATED, 24:1c, TETRACOSENOIC","ACIDES GRAS MONOINSATURÉS, 24:1c, TÉTRACOSÉNOÏQUE"
823,20:2cc,g,"FATTY ACIDS, POLYUNSATURATED, 20:2 c,c  EICOSADIENOIC","ACIDES GRAS POLYINSATURÉS, 20:2 c,c  EÏCOSADIÉNOÏQUE"
821,16:1c,g,"FATTY ACIDS, MONOUNSATURATED, 16:1c, HEXADECENOIC","ACIDES GRAS MONOINSATURÉS, 16:1c, HEXADÉCÉNOÏQUE"
824,18:1c,g,"FATTY ACIDS, MONOUNSATURATED, 18:1c, OCTADECENOIC","ACIDES GRAS MONOINSATURÉS, 18:1c, OCTADÉCÉNOÏQUE"
825,18:2ccn-6,g,"FATTY ACIDS, POLYUNSATURATED, 18:2 c,c n-6,  LINOLEIC, OCTADECADIENOIC","ACIDES GRAS POLYINSATURÉS, 18:2 c,c n-6, LINOLÉIQUE, OCTADÉCADIÉNOÏQUE"
840,22:1c,g,"FATTY ACIDS, MONOUNSATURATED, 22:1c, DOCOSENOIC","ACIDES GRAS MONOINSATURÉS, 22:1c, DOCOSÉNOÏQUE"
832,18:3cccn-6,g,"FATTY ACIDS, POLYUNSATURATED, 18:3 c,c,c n-6, g-LINOLENIC, OCTADECATRIENOIC","ACIDES GRAS POLYINSATURÉS, 18:3 c,c,c n-6, g-LINOLÉNIQUE, OCTADÉCATRIÉNOÏQUE"
826,17:1,g,"FATTY ACIDS, MONOUNSATURATED, 17:1, HEPTADECENOIC","ACIDES GRAS MONOINSATURÉS, 17:1, HEPTADÉCÉNOÏQUE"
827,20:3undiff,g,"FATTY ACIDS, POLYUNSATURATED, 20:3, EICOSATRIENOIC","ACIDES GRAS POLYINSATURÉS, 20:3, EÏCOSATRIÉNOÏQUE"
829,TRMO,g,"FATTY ACIDS, TOTAL TRANS-MONOENOIC",ACIDES GRAS TRANS MONOÉNOÏQUES TOTAUX
859,TRPO,g,"FATTY ACIDS, TOTAL TRANS-POLYENOIC",ACIDES GRAS TRANS POLYÉNOÏQUES TOTAUX
830,13:0,g,"FATTY ACIDS, SATURATED, 13:0 TRIDECANOIC","ACIDES GRAS SATURÉS, 13:0, TRIDÉCANOÏQUE"
833,15:1,g,"FATTY ACIDS, MONOUNSATURATED, 15:1, PENTADECENOIC","ACIDES GRAS MONOINSATURÉS, 15:1, PENTADÉCÉNOÏQUE"
802,TMOS,g,TOTAL MONOSACCARIDES,MONOSACCHARIDES TOTAUX
803,TDIS,g,TOTAL DISACCHARIDES,DISACCHARIDES TOTAUX
831,18:3cccn-3,g,"FATTY ACIDS, POLYUNSATURATED, 18:3 c,c,c n-3  LINOLENIC, OCTADECATRIENOIC","ACIDES GRAS POLYINSATURÉS, 18:3 c,c,c  n-3, LINOLÉNIQUE, OCTADÉCATRIÉNOÏQUE"
861,20:3n-3,g,"FATTY ACIDS, POLYUNSATURATED, 20:3 n-3 EICOSATRIENOIC","ACIDES GRAS POLYINSATURÉS, 20:3 n-3"
854,20:3n-6,g,"FATTY ACIDS, POLYUNSATURATED, 20:3 n-6, EICOSATRIENOIC","ACIDES GRAS POLYINSATURÉS, 20:3 n-6, EÏCOSATRIÉNOÏQUE"
855,20:4n-6,g,"FATTY ACIDS, POLYUNSATURATED, 20:4 n-6, ARACHIDONIC","ACIDES GRAS POLYINSATURÉS, 20:4 n-6, ARACHIDONIQUE"
841,18:3i,g,"FATTY ACIDS, POLYUNSATURATED, 18:3i, LINOLENIC, OCTADECATRIENOIC","ACIDES GRAS POLYINSATURÉS, 18:3i, LINOLÉNIQUE, OCTADÉCATRIÉNOÏQUE"
843,21:5,g,"FATTY ACIDS, POLYUNSATURATED, 21:5","ACIDES GRAS POLYINSATURÉS,  21:5"
845,22:4n-6,g,"FATTY ACIDS, POLYUNSATURATED, 22:4 n-6, DOCOSATETRAENOIC","ACIDES GRAS POLYINSATURÉS, 22:4n-6, DOCOSATÉTRAÉNOÏQUE"
846,24:1undiff,g,"FATTY ACIDS, MONOUNSATURATED,  24:1undifferentiated, TETRACOSENOIC","ACIDES GRAS MONOINSATURÉS, 24:1non différencié, TÉTRACOSÉNOÏQUE"
847,12:1,g,"FATTY ACIDS, MONOUNSATURATED, 12:1, LAUROLEIC","ACIDES GRAS MONOINSATURÉS, 12:1, LAUROLEIC"
848,22:3,g,"FATTY ACIDS, POLYUNSATURATED, 22:3,","ACIDES GRAS POLYINSATURÉS, 22:3"
849,22:2,g,"FATTY ACIDS, POLYUNSATURATED, 22:2, DOCOSADIENOIC","ACIDES GRAS POLYINSATURÉS, 22:2, DOCOSADIÉNOÏQUE"
868,TOmega n-3,g,"FATTY ACIDS, POLYUNSATURATED, TOTAL OMEGA  N-3","ACIDES GRAS POLYINSATURÉS, TOTAUX D'OMÉGA N-3
"
869,TOmega n-6,g,"FATTY ACIDS, POLYUNSATURATED, TOTAL OMEGA   N-6","ACIDES GRAS POLYINSATURÉS, TOTAUX D'OMÉGA N-6"